@@YieldCurve,,,,,,
Currency,Year,Month,Values0,Values1,Values2,Values3
EUR,2020,3,0.008685495,0.008685495,0.018498471,0.019966839
CHF,2020,3,0.002,0.002,0.002,0.002
CHF,2021,3,0.1,0.1,0.1,0.1
USD,2021,3,0.005,0.005,0.005,0.005
USD,2020,12,0.002,0.002,0.002,0.002
USD,2020,3,0.002,0.002,0.002,0.002
USD,2020,1,0.002,0.002,0.002,0.002
GBP,2021,3,0.005,0.005,0.005,0.005
GBP,2020,3,0.002,0.002,0.002,0.002
